model,tuned,MAE,MAE_std,RMSE,RMSE_std,R2,R2_std,training_time_s
LightGBM,True,0.958743458524868,0.027363083012696812,1.221962710564823,0.03055144094231824,0.21726510302127502,0.020409584469726686,0.4
CatBoost,False,0.9592639431929134,0.0256494288019965,1.2241672405480588,0.03035189146456273,0.2143285231659858,0.024072273440607646,3.59
XGBoost,True,0.9672156150558797,0.025833248628641368,1.2399284103619443,0.030182376930223815,0.1939507521718093,0.02456059555014135,0.69
RandomForest,True,0.9681874745242827,0.026769241650547095,1.2339814891801577,0.029492319240886068,0.20172763417117637,0.021763580382019195,3.38
GradientBoosting,True,0.9686379762772186,0.02585127701904379,1.228444262865497,0.027875072468288718,0.20899380655912553,0.014430165325768622,7.03
Ridge,False,0.9791087601894113,0.02365053636709535,1.2401053819612726,0.027037595006206113,0.19383896702568354,0.016576868348340042,0.13
LinearRegression,False,0.9792692009501925,0.02369115611657013,1.2402456805595468,0.027057071596986098,0.1936533345954486,0.0167590299477905,0.18
Lasso,False,0.9916534574577401,0.02462436269870107,1.2518843182568242,0.028914907196989203,0.17855120084560855,0.014196686953627326,0.15
DecisionTree,False,1.0130894475605687,0.030631695020578865,1.3053135867423844,0.02928030808449155,0.10688553082405336,0.016535493954306018,0.2
