model,MAE,MAE_std,RMSE,RMSE_std,R2,R2_std,training_time_s
XGBoost,793688857.6,436681985.02600706,3747256877.1953173,3861164578.008569,0.1422716736793518,0.7923035319273427,0.58
RandomForest,793904828.7381299,541731880.4384,4150956974.39062,4604660890.718589,0.3476048860726455,0.3430534922842299,1.19
CatBoost,807340545.3645418,524359347.07114124,4128614055.249073,4576422152.721417,0.28759070348170934,0.35872544484526625,1.13
GradientBoosting,849866477.9241519,545204338.836809,4369200649.802141,4559258937.848243,0.14454272611222505,0.5083266659305873,1.15
DecisionTree,914965370.8395464,614309878.4155309,4679235656.07557,5162453769.958447,0.010960161150354409,0.6392616835774154,0.02
Ridge,1193520668.620151,250986851.53363964,4226356427.26258,2750980489.471667,-0.45486222215072747,0.8591850745329641,0.01
Lasso,1234505766.9629505,228925590.74414417,4329375062.227939,2671554112.587518,-0.7093504708089674,1.2017347166135641,0.04
LinearRegression,1234505882.7756283,228925562.05860096,4329375304.383455,2671554016.118131,-0.7093508056360692,1.2017349461138194,0.01
LightGBM,1453206907.2970576,458606585.2967382,5883533194.68054,4329731412.125028,-3.6197315793504488,6.243533385057614,0.17
