model,MAE,MAE_std,RMSE,RMSE_std,R2,R2_std,training_time_s
RandomForest,869107079.3329977,511708636.1823835,4108380862.427976,4270196194.6895394,0.23518740193526505,0.4057299497245379,1.26
XGBoost,889546624.0,477596402.0465263,3806518154.488275,3875049319.3797345,0.07510019540786743,0.8644288956004065,0.39
CatBoost,909373454.619982,506177681.3100732,4055089070.497876,4468327293.74343,0.3349933250932029,0.2918052928425267,1.38
GradientBoosting,941738227.3434646,537571373.281919,4176065161.518731,4488354278.16978,-0.10593697591626719,1.1457537517721579,1.27
DecisionTree,978387573.5069277,533309863.95493084,4303823879.423561,3890713350.710367,-0.3171504088210619,1.271221013359865,0.02
Ridge,1165851881.7841995,267481437.47197276,4195449380.1178236,2782663709.4579763,-0.3780642835762308,0.7688357957947071,0.02
Lasso,1225395916.1336143,239841340.34513563,4353045014.661947,2662217352.618381,-0.7993089721267184,1.3892918188873025,0.07
LinearRegression,1225395966.6245284,239841358.91996315,4353045164.030279,2662217320.434428,-0.7993091409698642,1.3892919354428743,0.02
LightGBM,1500133061.6241183,569229823.880758,5649166013.932088,4700971520.739559,-2.07434462813705,3.6395575166447762,0.2
