model,tuned,MAE,MAE_std,RMSE,RMSE_std,R2,R2_std,training_time_s
GradientBoosting,True,752517831.3490139,444064808.3147064,3686800892.829667,3869686788.3983207,0.29543166321950964,0.48485874024440717,1.1
XGBoost,True,788385779.2,440527051.6984567,3948532569.453566,3909806302.2217855,0.10351192951202393,0.7159112430903253,0.34
CatBoost,False,807340545.3645418,524359347.07114124,4128614055.249073,4576422152.721417,0.28759070348170934,0.35872544484526625,1.5
RandomForest,True,811215885.7661442,551051343.8077184,4373424677.144349,4666813130.486109,0.30168214574505436,0.3022183492027861,1.55
DecisionTree,False,914965370.8395464,614309878.4155309,4679235656.07557,5162453769.958447,0.010960161150354409,0.6392616835774154,0.04
LightGBM,True,1146223960.6351147,561648476.462733,4901271933.377404,5299112348.226128,-0.17300504675769907,0.8816336682814152,0.11
Ridge,False,1193520668.620151,250986851.53363964,4226356427.26258,2750980489.471667,-0.45486222215072747,0.8591850745329641,0.02
Lasso,False,1234505766.9629505,228925590.74414417,4329375062.227939,2671554112.587518,-0.7093504708089674,1.2017347166135641,0.11
LinearRegression,False,1234505882.7756283,228925562.05860096,4329375304.383455,2671554016.118131,-0.7093508056360692,1.2017349461138194,0.03
