model,tuned,MAE,MAE_std,RMSE,RMSE_std,R2,R2_std,training_time_s
GradientBoosting,True,0.9534675827240274,0.0255365148051325,1.2228754458583886,0.030038805735944644,0.21599886176424307,0.02325148347937959,12.02
RandomForest,True,0.9691769827199443,0.027335886006352277,1.234472568818683,0.030344761969316295,0.20109645328938877,0.022591834844225337,1.02
Ridge,False,0.9791087601894113,0.02365053636709535,1.2401053819612726,0.027037595006206113,0.19383896702568354,0.016576868348340042,0.06
LinearRegression,False,0.9792692009501925,0.02369115611657013,1.2402456805595468,0.027057071596986098,0.1936533345954486,0.0167590299477905,0.09
Lasso,False,0.9916534574577401,0.02462436269870107,1.2518843182568242,0.028914907196989203,0.17855120084560855,0.014196686953627326,0.07
DecisionTree,False,1.0127737909949122,0.030485802369380893,1.3048482512065795,0.028997877385448345,0.10751933526921556,0.01622470814406273,0.13
