model,tuned,MAE,MAE_std,RMSE,RMSE_std,R2,R2_std,training_time_s
GradientBoosting,True,0.9534336036147657,0.025463830897044615,1.2227526090008385,0.03010355348425498,0.21615690991765574,0.023301026941383963,29.94
LightGBM,True,0.953874344485822,0.028119252016710422,1.2206986301259666,0.032627372616933145,0.21887058686544253,0.023316253075329176,1.66
XGBoost,True,0.9550768299180964,0.02657770604731449,1.2199299785856919,0.03038807017130354,0.2197968815517722,0.02273443095834738,2.24
CatBoost,False,0.9592639431929134,0.0256494288019965,1.2241672405480588,0.03035189146456273,0.2143285231659858,0.024072273440607646,6.36
RandomForest,True,0.9691698441252947,0.027325797250076587,1.234470711542221,0.030335738367433238,0.20109891671959948,0.022579530285800727,2.53
Ridge,False,0.9791087601894113,0.02365053636709535,1.2401053819612726,0.027037595006206113,0.19383896702568354,0.016576868348340042,0.15
LinearRegression,False,0.9792692009501925,0.02369115611657013,1.2402456805595468,0.027057071596986098,0.1936533345954486,0.0167590299477905,0.23
Lasso,False,0.9916534574577401,0.02462436269870107,1.2518843182568242,0.028914907196989203,0.17855120084560855,0.014196686953627326,0.16
DecisionTree,False,1.0130894475605687,0.030631695020578865,1.3053135867423844,0.02928030808449155,0.10688553082405336,0.016535493954306018,0.26
